custId,namePrefix,firstName,lastName,gender,email,age
850297,Ms.,Shawna,Buck,F,shawna.buck@gmail.com,45.66
304721,Mr.,Nathaniel,Burke,M,nathaniel.burke@walmart.com,23.76
412317,Drs.,Elisabeth,Foster,F,elisabeth.foster@gmail.com,22.68
621375,Mrs.,Briana,Lancaster,F,briana.lancaster@yahoo.com,41.7
787549,Hon.,Estella,Potter,F,estella.potter@gmail.com,22.39
520092,Mr.,Lamont,Woods,M,lamont.woods@hotmail.com,25.81
795934,Ms.,Melinda,Lopez,F,melinda.lopez@hotmail.com,32.89
159108,Mrs.,Shanna,Silva,F,shanna.silva@gmail.com,59.15
330816,Ms.,Jasmine,Freeman,F,jasmine.freeman@gmail.com,55.95
532002,Ms.,Madge,Sargent,F,madge.sargent@aol.com,35.84
612850,Ms.,Bethany,Cline,F,bethany.cline@yahoo.ca,30.84
483751,Prof.,Reid,Randolph,M,reid.randolph@gmail.com,28.54
252938,Hon.,Antoine,Wiley,M,antoine.wiley@verizon.net,21.44
966375,Dr.,Mathew,Hodge,M,mathew.hodge@hotmail.com,22.08
707520,Mr.,Bernardo,Austin,M,bernardo.austin@hotmail.com,42.51
673049,Dr.,Cole,Jensen,M,cole.jensen@aol.com,27.48
265124,Ms.,Tonia,Burns,F,tonia.burns@gmail.com,32.3
300693,Mr.,Tod,Holcomb,M,tod.holcomb@outlook.com,30.12
369712,Mrs.,Yesenia,Guerrero,F,yesenia.guerrero@btinternet.com,49.36
913253,Mr.,Carey,Ferrell,M,carey.ferrell@yahoo.com,45.21
308617,Mrs.,Aileen,Blanchard,F,aileen.blanchard@gmail.com,30.67
766783,Mrs.,Marta,Cervantes,F,marta.cervantes@gmail.com,46.47
959506,Mr.,Arthur,Holloway,M,arthur.holloway@aol.com,46.88
513011,Ms.,Tara,Forbes,F,tara.forbes@gmail.com,41.12
290808,Mr.,Josef,Griffin,M,josef.griffin@yahoo.com,40.98
253588,Ms.,Keri,Slater,F,keri.slater@apple.com,57.02
865628,Mr.,Desmond,Wynn,M,desmond.wynn@hotmail.com,25.07
583924,Mrs.,Adrienne,Puckett,F,adrienne.puckett@verizon.net,42.21
932453,Mrs.,Beatriz,Knowles,F,beatriz.knowles@gmail.com,33.44
432168,Hon.,Jermaine,Sykes,M,jermaine.sykes@apple.com,27.54
463784,Mr.,Scott,Best,M,scott.best@cox.net,26.95
721098,Ms.,Isabel,Espinoza,F,isabel.espinoza@gmail.com,45.67
392678,Mr.,Marcelino,Kinney,M,marcelino.kinney@gmail.com,21.52
880704,Dr.,Benjamin,Jennings,M,benjamin.jennings@gmail.com,40.21
186102,Drs.,Marcia,Casey,F,marcia.casey@gmail.com,51.05
350367,Mr.,Rudolph,Gordon,M,rudolph.gordon@aol.com,38.28
893976,Ms.,Beverly,Rosales,F,beverly.rosales@yahoo.com,42.43
542826,Mr.,Marcus,Bolton,M,marcus.bolton@aol.com,40.09
590579,Ms.,Priscilla,Mays,F,priscilla.mays@gmail.com,31.92
297741,Ms.,Lynn,Pena,F,lynn.pena@yahoo.co.in,54.99
458320,Ms.,Tessa,Pace,F,tessa.pace@aol.com,59.68
297059,Mr.,Rufus,Guerra,M,rufus.guerra@rediffmail.com,49.62
874971,Mr.,Roman,Clark,M,roman.clark@aol.com,54.63
136626,Ms.,Carmela,Jefferson,F,carmela.jefferson@walmart.com,42.39
865495,Mr.,Thurman,Good,M,thurman.good@yahoo.com,21.52
415161,Dr.,Lemuel,Guerrero,M,lemuel.guerrero@aol.com,32.16
279563,Mr.,Clint,Bridges,M,clint.bridges@aol.com,23.25
201710,Ms.,Karyn,Christian,F,karyn.christian@aol.com,34.21
722543,Ms.,Lesa,Hughes,F,lesa.hughes@bp.com,36.48
909337,Mr.,Rich,Bates,M,rich.bates@apple.com,28.43
601071,Ms.,Liz,Frank,F,liz.frank@hotmail.com,31.39
269523,Hon.,Kendra,Villarreal,F,kendra.villarreal@gmail.com,53.8
310986,Drs.,Maryellen,Mcfadden,F,maryellen.mcfadden@hotmail.co.uk,41.85
323914,Mr.,German,Carney,M,german.carney@aol.com,59.06
928739,Hon.,Micheal,Shannon,M,micheal.shannon@earthlink.net,30.66
238992,Dr.,Carlo,Albert,M,carlo.albert@gmail.com,55.68
434046,Mrs.,Bianca,Langley,F,bianca.langley@gmail.com,57.19
971444,Mr.,Elias,Cabrera,M,elias.cabrera@yahoo.com,27.06
602683,Ms.,Alberta,Chapman,F,alberta.chapman@comcast.net,45.18
145327,Mr.,Erin,Olsen,M,erin.olsen@yahoo.ca,22.99
597202,Dr.,Frederic,Stephenson,M,frederic.stephenson@gmail.com,47.82
168824,Mr.,Tanner,Caldwell,M,tanner.caldwell@aol.com,49.34
616665,Mr.,Clarence,Powers,M,clarence.powers@gmail.com,35.09
396135,Prof.,German,Sheppard,M,german.sheppard@gmail.com,26.02
966525,Mr.,Dion,Duffy,M,dion.duffy@aol.com,22.33
362287,Mr.,Cornelius,Townsend,M,cornelius.townsend@charter.net,47.19
798646,Ms.,Patsy,Koch,F,patsy.koch@gmail.com,33.06
451972,Hon.,Waldo,Shields,M,waldo.shields@aol.com,46.69
993675,Hon.,Damien,Rose,M,damien.rose@gmail.com,52.07
807964,Mr.,Curt,Bridges,M,curt.bridges@microsoft.com,38.79
769123,Mr.,Brenton,Matthews,M,brenton.matthews@bellsouth.net,46.76
395792,Hon.,Miguel,Finley,M,miguel.finley@gmail.com,37.08
929791,Ms.,Esperanza,Paul,F,esperanza.paul@aol.com,56.67
141326,Hon.,Patricia,Briggs,F,patricia.briggs@yahoo.com,41.73
232794,Dr.,Forrest,Noel,M,forrest.noel@hotmail.com,39.37
946835,Hon.,Marjorie,Wells,F,marjorie.wells@bp.com,55.91
894936,Ms.,Vivian,Burnett,F,vivian.burnett@gmail.com,57.5
946630,Mr.,Duncan,Chen,M,duncan.chen@yahoo.co.uk,53.48
381338,Ms.,Miriam,Barrett,F,miriam.barrett@yahoo.ca,27.11
141178,Mr.,Adam,Kirby,M,adam.kirby@yahoo.ca,54
169763,Prof.,Benjamin,Macdonald,M,benjamin.macdonald@gmail.com,41.23
326358,Mr.,Neil,Murray,M,neil.murray@apple.com,31.88
185077,Ms.,Nichole,Oneil,F,nichole.oneil@shaw.ca,59.7
901185,Mr.,Jonathon,Pearson,M,jonathon.pearson@yahoo.com,49.86
264960,Dr.,Brent,Bryant,M,brent.bryant@aol.com,57.26
248449,Ms.,Carlene,Cain,F,carlene.cain@rediffmail.com,31.69
906870,Mr.,Arnulfo,Pittman,M,arnulfo.pittman@yahoo.ca,44.87
160503,Mr.,Nickolas,Williams,M,nickolas.williams@gmail.com,32.12
212917,Prof.,Raymundo,Kramer,M,raymundo.kramer@aol.com,42.28
337955,Mr.,Jeremiah,Dotson,M,jeremiah.dotson@cox.net,29.05
171553,Mr.,Tanner,Matthews,M,tanner.matthews@rediffmail.com,40.87
433510,Mr.,Dorian,Foster,M,dorian.foster@gmail.com,57.05
970502,Drs.,Nora,Hansen,F,nora.hansen@yahoo.co.uk,34.73
668717,Hon.,Danial,Watts,M,danial.watts@hotmail.com,57.99
479832,Dr.,Nelson,Mcintosh,M,nelson.mcintosh@bp.com,41.98
273645,Dr.,Manuel,Fulton,M,manuel.fulton@gmail.com,34.06
266284,Hon.,Dominic,Henson,M,dominic.henson@aol.com,38.33
332802,Mr.,Lowell,Erickson,M,lowell.erickson@gmail.com,34.93
166615,Mrs.,Jayne,Coleman,F,jayne.coleman@yahoo.ca,36.97
953967,Mr.,Cornell,Daniel,M,cornell.daniel@yahoo.com,57.21
114425,Mrs.,Doris,Glenn,F,doris.glenn@yahoo.co.uk,41.56
676618,Drs.,Tabatha,Gonzales,F,tabatha.gonzales@sbcglobal.net,51.17
581563,Prof.,Jerome,Foreman,M,jerome.foreman@verizon.net,28.65
925484,Mr.,Elton,Ferguson,M,elton.ferguson@ibm.com,34.68
328562,Mr.,Stacy,Jennings,M,stacy.jennings@gmail.com,37.17
759248,Dr.,Rory,Fowler,M,rory.fowler@shaw.ca,41.42
158543,Mr.,Greg,Kane,M,greg.kane@bp.com,53.33
275491,Dr.,Julian,Russo,M,julian.russo@gmail.com,59.33
257927,Ms.,Agnes,Herman,F,agnes.herman@gmail.com,41.65
144114,Mrs.,Nancy,Gillespie,F,nancy.gillespie@ibm.com,37.28
262843,Mr.,Tyrone,Soto,M,tyrone.soto@yahoo.com,44.34
963676,Mr.,Bradley,Chan,M,bradley.chan@hotmail.com,38.1
745672,Dr.,Emile,Love,M,emile.love@gmail.com,36.8
135089,Prof.,Zachary,Gregory,M,zachary.gregory@cox.net,30.72
593953,Drs.,Tara,Gutierrez,F,tara.gutierrez@aol.com,46.53
169348,Mr.,Aubrey,Pugh,M,aubrey.pugh@gmail.com,23.64
976096,Mr.,Carroll,Sweeney,M,carroll.sweeney@walmart.com,28.14
790389,Ms.,Claudette,Solomon,F,claudette.solomon@yahoo.com,32.62
143898,Mr.,Ricky,Bowers,M,ricky.bowers@hotmail.com,40.75
749765,Mr.,Brian,Fitzpatrick,M,brian.fitzpatrick@gmail.com,38.68
877422,Hon.,Nicholas,Branch,M,nicholas.branch@gmail.com,25.5
825343,Mrs.,Eileen,Hobbs,F,eileen.hobbs@gmail.com,53.25
155570,Mr.,Colin,Wilson,M,colin.wilson@yahoo.com,41.4
587361,Hon.,Rosario,Trevino,F,rosario.trevino@hotmail.co.uk,56.64
191240,Mr.,Salvador,Gutierrez,M,salvador.gutierrez@hotmail.com,23.43
404070,Prof.,Aldo,Medina,M,aldo.medina@gmail.com,43.75
192175,Dr.,Bret,Blevins,M,bret.blevins@gmail.com,37.85
825853,Hon.,Dominic,Mosley,M,dominic.mosley@gmail.com,21.04
430843,Ms.,Karina,Owens,F,karina.owens@gmail.com,59.78
597805,Hon.,Marquis,Perkins,M,marquis.perkins@aol.com,32.68
651120,Mr.,Damon,Solomon,M,damon.solomon@aol.com,53.03
995242,Mr.,Leonel,Atkins,M,leonel.atkins@hotmail.com,21.06
839558,Mr.,Teddy,Merritt,M,teddy.merritt@msn.com,40.16
398788,Ms.,Alexandria,Long,F,alexandria.long@hotmail.com,28.47
166790,Ms.,Margaret,Reilly,F,margaret.reilly@yahoo.com,45.84
581261,Dr.,Willis,Rose,M,willis.rose@gmail.com,38.03
793523,Prof.,Donovan,Bowman,M,donovan.bowman@hotmail.com,30.42
178602,Mrs.,Kristina,Mcgowan,F,kristina.mcgowan@gmail.com,38.94
346662,Mr.,Garth,Clarke,M,garth.clarke@yahoo.com,47.74
817037,Mr.,Martin,Buchanan,M,martin.buchanan@charter.net,42.9
648913,Mr.,Irwin,Jenkins,M,irwin.jenkins@aol.com,42.22
924281,Mr.,Reynaldo,Sosa,M,reynaldo.sosa@gmail.com,51.82
951857,Drs.,Sherri,Snyder,F,sherri.snyder@gmail.com,26.18
474759,Mr.,Johnny,Dunlap,M,johnny.dunlap@gmail.com,54.77
144715,Mr.,Earnest,Kirk,M,earnest.kirk@gmail.com,52.44
141086,Dr.,Bernardo,Mcdowell,M,bernardo.mcdowell@gmail.com,54.21
633255,Hon.,Yvette,Warner,F,yvette.warner@yahoo.com,21.13
768457,Mr.,Robby,Jordan,M,robby.jordan@comcast.net,43.39
583282,Mrs.,Carolina,Coleman,F,carolina.coleman@aol.com,22.76
421955,Ms.,Sonia,Cook,F,sonia.cook@gmail.com,52.1
556491,Prof.,Larry,Tran,M,larry.tran@gmail.com,47.57
701223,Ms.,Esmeralda,Grant,F,esmeralda.grant@yahoo.com,26.62
122005,Hon.,Candy,Singleton,F,candy.singleton@hotmail.com,36.1
461385,Mrs.,Emma,Obrien,F,emma.obrien@gmail.com,50.9
249180,Dr.,Scot,Beach,M,scot.beach@sbcglobal.net,37.02
634658,Mr.,Rolland,Mendoza,M,rolland.mendoza@yahoo.com,51.01
842752,Mrs.,Tommie,Sanchez,F,tommie.sanchez@gmail.com,43.17
513773,Prof.,Jessie,Cortez,M,jessie.cortez@exxonmobil.com,35.88
781472,Mr.,Isiah,Guthrie,M,isiah.guthrie@bellsouth.net,51.98
747200,Mrs.,Janelle,Gill,F,janelle.gill@gmail.com,55.21
932425,Mr.,Christoper,Haynes,M,christoper.haynes@yahoo.com,37.93
962851,Ms.,Kathie,Kirby,F,kathie.kirby@sbcglobal.net,30.7
168829,Ms.,Antonia,Kinney,F,antonia.kinney@gmail.com,32.48
603575,Ms.,Ophelia,Wagner,F,ophelia.wagner@ibm.com,45.52
419075,Mrs.,Hallie,Cervantes,F,hallie.cervantes@aol.com,38.1
224473,Ms.,Adriana,Mcfarland,F,adriana.mcfarland@outlook.com,38.94
552582,Hon.,Jana,Weiss,F,jana.weiss@gmail.com,49.6
724235,Mr.,Quentin,Benson,M,quentin.benson@gmail.com,37.38
908007,Mrs.,Debra,Pena,F,debra.pena@ibm.com,26.69
871610,Mr.,Kenton,Moreno,M,kenton.moreno@shell.com,24.54
491595,Prof.,Ian,Alvarado,M,ian.alvarado@aol.com,51.87
821474,Mr.,Jasper,Lucas,M,jasper.lucas@yahoo.co.in,35.88
206783,Hon.,Brock,Roberts,M,brock.roberts@yahoo.co.in,49.45
870463,Mr.,Salvador,Deleon,M,salvador.deleon@hotmail.com,48.34
809491,Mr.,Terence,Giles,M,terence.giles@yahoo.com,40.89
924427,Mr.,Dario,Townsend,M,dario.townsend@yahoo.com,55.25
505780,Drs.,Ester,Houston,F,ester.houston@ibm.com,39.41
149904,Ms.,Leanne,Mcmahon,F,leanne.mcmahon@shaw.ca,53.58
886315,Dr.,Valentin,Montoya,M,valentin.montoya@aol.com,51.76
948512,Mr.,Jared,Shepherd,M,jared.shepherd@ntlworld.com,21.35
780963,Mrs.,Jami,Cantrell,F,jami.cantrell@hotmail.com,31.35
282037,Mr.,Bruno,Whitney,M,bruno.whitney@sbcglobal.net,41.38
505758,Mr.,Garland,Watkins,M,garland.watkins@apple.com,55.57
487100,Mr.,Augustus,Maldonado,M,augustus.maldonado@yahoo.com,25.19
974444,Prof.,Luther,Mcneil,M,luther.mcneil@aol.com,25.34
829416,Mr.,Jimmy,Molina,M,jimmy.molina@gmail.com,51.26
146825,Hon.,Morton,Franklin,M,morton.franklin@cox.net,56.97
603179,Mr.,Andrew,Price,M,andrew.price@yahoo.co.uk,30.42
175035,Ms.,Ava,Romero,F,ava.romero@aol.com,45.21
358935,Ms.,Anastasia,Bowen,F,anastasia.bowen@gmail.com,24.61
608832,Mrs.,Sabrina,Fowler,F,sabrina.fowler@outlook.com,35.59
509911,Ms.,Kirsten,Lee,F,kirsten.lee@hotmail.com,48.81
354363,Ms.,Tabatha,Arnold,F,tabatha.arnold@gmail.com,41.02
344607,Mr.,Gregg,Mann,M,gregg.mann@verizon.net,58.24
191963,Ms.,Deanne,Mccarty,F,deanne.mccarty@charter.net,43.59
695631,Mrs.,Juanita,Zimmerman,F,juanita.zimmerman@hotmail.com,42.81
547420,Mr.,Doug,Small,M,doug.small@hotmail.com,25.65
403674,Dr.,Billy,Mcdowell,M,billy.mcdowell@gmail.com,33.83
988937,Dr.,Boyd,Valencia,M,boyd.valencia@gmail.com,30.16
937737,Mr.,Roberto,Caldwell,M,roberto.caldwell@gmail.com,22.98
144235,Mr.,Kris,Conner,M,kris.conner@gmail.com,55.22
866051,Ms.,Leann,Ortiz,F,leann.ortiz@gmail.com,27.46
287787,Mr.,Joaquin,Bentley,M,joaquin.bentley@gmail.com,55.96
316579,Mrs.,Leanne,Potter,F,leanne.potter@exxonmobil.com,28.52
625981,Mr.,Jay,Sanders,M,jay.sanders@gmail.com,53.6
232661,Ms.,Luz,Brown,F,luz.brown@msn.com,56.1
863522,Mr.,Dudley,Preston,M,dudley.preston@gmail.com,39.72
118236,Mr.,Monroe,Beach,M,monroe.beach@bp.com,29.8
412201,Ms.,Dina,Jones,F,dina.jones@aol.com,26.94
855988,Hon.,Christian,Morrison,M,christian.morrison@yahoo.co.in,58.1
158689,Ms.,Lucile,Fleming,F,lucile.fleming@hotmail.co.uk,50.66
737292,Mr.,Luciano,Ray,M,luciano.ray@btinternet.com,25.79
596917,Mr.,Ahmad,Poole,M,ahmad.poole@gmail.com,44.17
620634,Ms.,Janna,Hopkins,F,janna.hopkins@aol.com,29.7
130591,Prof.,Kendrick,Miles,M,kendrick.miles@ibm.com,55
579618,Hon.,Demetrius,Ruiz,M,demetrius.ruiz@gmail.com,24.64
240295,Mr.,Ken,Winters,M,ken.winters@rediffmail.com,22.47
846100,Mr.,Earl,Gilbert,M,earl.gilbert@bp.com,44.56
431841,Ms.,Taylor,Barlow,F,taylor.barlow@aol.com,52.51
520702,Ms.,Clarissa,Lawson,F,clarissa.lawson@hotmail.com,24.1
771425,Mr.,Lewis,Fuller,M,lewis.fuller@comcast.net,58.78
189557,Mrs.,Claudine,Black,F,claudine.black@gmail.com,39.21
702034,Mrs.,Mitzi,Lynch,F,mitzi.lynch@aol.com,56.95
586207,Dr.,Michel,Finch,M,michel.finch@gmail.com,31.11
835545,Ms.,Janie,Velasquez,F,janie.velasquez@gmail.com,59.32
326407,Mrs.,Sophie,Bass,F,sophie.bass@hotmail.com,27.55
414967,Mrs.,Bette,Kane,F,bette.kane@gmail.com,37.6
410300,Mrs.,Dena,Blake,F,dena.blake@hotmail.com,42.2
252371,Mr.,Dante,Farmer,M,dante.farmer@aol.com,32.06
297502,Ms.,Angelina,Lynn,F,angelina.lynn@rediffmail.com,42.4
725857,Ms.,Shannon,Snow,F,shannon.snow@yahoo.com,55.77
805103,Mr.,Ron,Glenn,M,ron.glenn@gmail.com,24.08
641096,Mrs.,Kerry,Pitts,F,kerry.pitts@aol.com,28.25
856369,Mr.,Dominick,Robbins,M,dominick.robbins@hotmail.com,37.97
318571,Prof.,Emory,Spence,M,emory.spence@yahoo.com,50.27
219020,Drs.,Lana,Spence,F,lana.spence@aol.com,50.07
934285,Mr.,Jeremy,English,M,jeremy.english@gmail.com,44.91
149763,Dr.,Dudley,Melton,M,dudley.melton@aol.com,26.34
363951,Drs.,Frances,Stafford,F,frances.stafford@ntlworld.com,51.92
306185,Mr.,Percy,Hunt,M,percy.hunt@btinternet.com,46.65
225090,Mr.,Alfredo,Vasquez,M,alfredo.vasquez@bp.com,44.3
287114,Ms.,Joanna,Perkins,F,joanna.perkins@aol.com,58.01
811489,Hon.,Susanna,Huff,F,susanna.huff@hotmail.com,47.08
162573,Hon.,Ola,Thompson,F,ola.thompson@yahoo.com,46.95
836699,Mrs.,Louella,Wolfe,F,louella.wolfe@charter.net,51.47
798859,Drs.,Deirdre,Travis,F,deirdre.travis@hotmail.com,46.33
458765,Ms.,Kristina,Ware,F,kristina.ware@gmail.com,36.11
562109,Mr.,Stacy,Dixon,M,stacy.dixon@aol.com,54.21
947334,Mr.,Frankie,Clark,M,frankie.clark@apple.com,56.73
316995,Mrs.,Pauline,Gilbert,F,pauline.gilbert@yahoo.com,21.08
798671,Mr.,Adolph,Skinner,M,adolph.skinner@gmail.com,52.89
415004,Ms.,Rosa,Camacho,F,rosa.camacho@gmail.com,22.32
770810,Mr.,Craig,Marquez,M,craig.marquez@gmail.com,35.14
255640,Mr.,Stanley,Lowe,M,stanley.lowe@gmail.com,30.91
311079,Dr.,Morgan,Farrell,M,morgan.farrell@gmail.com,28.3
559421,Ms.,Reba,Potts,F,reba.potts@microsoft.com,31.34
959306,Ms.,Shana,Gould,F,shana.gould@gmail.com,44.05
713805,Mr.,Adam,Bartlett,M,adam.bartlett@aol.com,45.87
532285,Ms.,Leann,Melendez,F,leann.melendez@gmail.com,43.76
664249,Mr.,Floyd,Mills,M,floyd.mills@gmail.com,33.94
339483,Mr.,Scott,Carrillo,M,scott.carrillo@sbcglobal.net,47.56
155956,Mr.,Sterling,Hooper,M,sterling.hooper@hotmail.com,54.89
791119,Mr.,Damon,Hunt,M,damon.hunt@gmail.com,38.69
798553,Prof.,Mauricio,Potts,M,mauricio.potts@yahoo.com,30.93
981925,Ms.,Ebony,Eaton,F,ebony.eaton@gmail.com,53.05
648118,Drs.,Bobbie,Joyner,F,bobbie.joyner@gmail.com,46.3
278391,Ms.,Jami,Velasquez,F,jami.velasquez@hotmail.com,25.03
556573,Ms.,Aisha,Gentry,F,aisha.gentry@aol.com,51.78
159472,Hon.,Moses,Reid,M,moses.reid@apple.com,52.63
871770,Ms.,Monique,Deleon,F,monique.deleon@hotmail.com,27.32
338556,Mr.,Domingo,Gibbs,M,domingo.gibbs@hotmail.com,28.74
182719,Ms.,Tammy,Vincent,F,tammy.vincent@aol.com,57.08
305556,Mr.,Federico,Wilson,M,federico.wilson@yahoo.com,42.73
915507,Mr.,Kory,Roth,M,kory.roth@bp.com,43.55
761381,Ms.,Nichole,Lloyd,F,nichole.lloyd@shell.com,31.28
141022,Mr.,Rodger,Chavez,M,rodger.chavez@outlook.com,36.07
528086,Mr.,Bruce,Carney,M,bruce.carney@hotmail.com,43.49
177821,Mr.,Derick,Ferrell,M,derick.ferrell@yahoo.co.in,42.5
740281,Ms.,Lorna,Henson,F,lorna.henson@outlook.com,28.15
906797,Mr.,Rico,Mayo,M,rico.mayo@gmail.com,26.15
790008,Ms.,Luann,Crane,F,luann.crane@gmail.com,40.37
825433,Mrs.,Tara,Goodwin,F,tara.goodwin@shaw.ca,49.05
941759,Prof.,Shaun,Evans,M,shaun.evans@gmail.com,48.35
313864,Mrs.,Debbie,Velez,F,debbie.velez@aol.com,54.33
978745,Mrs.,May,Hodge,F,may.hodge@hotmail.com,42.54
807182,Mrs.,Adeline,Evans,F,adeline.evans@cox.net,28.98
463743,Mr.,Guy,Gilbert,M,guy.gilbert@gmail.com,56.9
901775,Ms.,Opal,Hansen,F,opal.hansen@hotmail.com,39.76
197867,Mrs.,Robbie,Oconnor,F,robbie.oconnor@bellsouth.net,24.48
423470,Mrs.,Ella,Craft,F,ella.craft@aol.com,25.46
238361,Prof.,Derrick,Vaughn,M,derrick.vaughn@ibm.com,52.32
596366,Mrs.,Maura,Cherry,F,maura.cherry@earthlink.net,47.27
725424,Dr.,Roderick,Vinson,M,roderick.vinson@hotmail.com,23.42
229037,Ms.,Gwen,Gilliam,F,gwen.gilliam@aol.com,22.55
434723,Mrs.,Melanie,Zimmerman,F,melanie.zimmerman@aol.com,47.17
501422,Mr.,Micah,Merritt,M,micah.merritt@rediffmail.com,33.78
638943,Mr.,Buford,Hobbs,M,buford.hobbs@msn.com,41.85
935745,Mr.,Kyle,Farmer,M,kyle.farmer@gmail.com,42.72
750581,Ms.,Jocelyn,Rojas,F,jocelyn.rojas@earthlink.net,48.51
468128,Mr.,Larry,Gray,M,larry.gray@outlook.com,23.88
884877,Mr.,Wilbur,Bates,M,wilbur.bates@verizon.net,28.02
870904,Ms.,Maxine,Moran,F,maxine.moran@gmail.com,49.28
926224,Ms.,Kathleen,Middleton,F,kathleen.middleton@yahoo.com,38.42
220061,Prof.,Norbert,Joyner,M,norbert.joyner@gmail.com,51.31
125823,Mr.,Chadwick,Walton,M,chadwick.walton@earthlink.net,51.48
768943,Mrs.,Connie,Shaffer,F,connie.shaffer@walmart.com,43.99
591698,Ms.,Bobbie,Singleton,F,bobbie.singleton@yahoo.com,32.51
700418,Drs.,Lesley,Rollins,F,lesley.rollins@aol.com,22.42
476635,Ms.,Victoria,Howe,F,victoria.howe@gmail.com,49.5
785299,Mr.,Marc,Nixon,M,marc.nixon@gmail.com,47.47
225139,Prof.,Elias,Pena,M,elias.pena@hotmail.com,21.38
308125,Mrs.,Flossie,Mcpherson,F,flossie.mcpherson@gmail.com,47.72
129426,Drs.,Lana,Hayes,F,lana.hayes@hotmail.com,41.64
399192,Mr.,Nick,Wilcox,M,nick.wilcox@bellsouth.net,40.72
555551,Ms.,Nona,Buck,F,nona.buck@outlook.com,29.15
245059,Mr.,Abdul,Barnett,M,abdul.barnett@hotmail.com,32.36
423008,Drs.,Inez,Kane,F,inez.kane@ntlworld.com,32.23
316407,Drs.,Raquel,Bray,F,raquel.bray@hotmail.co.uk,23.65
410027,Mr.,Sean,Noble,M,sean.noble@cox.net,54.98
307715,Dr.,Fred,Woodward,M,fred.woodward@hotmail.com,46.63
690117,Mr.,Sylvester,Salas,M,sylvester.salas@outlook.com,29.86
149844,Mrs.,Berta,Irwin,F,berta.irwin@gmail.com,34.56
116530,Drs.,Noelle,Paul,F,noelle.paul@yahoo.com,53.52
234429,Ms.,Chrystal,Swanson,F,chrystal.swanson@aol.com,33.44
437970,Hon.,Reggie,Nolan,M,reggie.nolan@gmail.com,27.88
766745,Hon.,Joanne,Melton,F,joanne.melton@verizon.net,52.64
684446,Mr.,Bryon,Gardner,M,bryon.gardner@aol.com,32.45
385932,Ms.,Noreen,Vincent,F,noreen.vincent@yahoo.com,22.88
862150,Hon.,Mathew,Duran,M,mathew.duran@aol.com,23.91
635915,Ms.,Herminia,Morin,F,herminia.morin@yahoo.com,56.46
540696,Dr.,Luke,Craft,M,luke.craft@apple.com,32.95
870351,Mr.,Ronny,Long,M,ronny.long@microsoft.com,34.65
360498,Ms.,Jeannine,Vaughn,F,jeannine.vaughn@aol.com,39.33
397164,Mrs.,Silvia,Huff,F,silvia.huff@gmail.com,43.48
488068,Mrs.,Margo,Hoffman,F,margo.hoffman@gmail.com,32.23
890432,Mrs.,Kimberly,Summers,F,kimberly.summers@msn.com,58.61
935890,Hon.,Jodie,Mckinney,F,jodie.mckinney@bp.com,21.8
541867,Ms.,Lorrie,Leblanc,F,lorrie.leblanc@gmail.com,49.58
885774,Dr.,Miles,Giles,M,miles.giles@yahoo.com,41.01
979649,Mr.,Jamar,Castaneda,M,jamar.castaneda@yahoo.com,35.24
599012,Mrs.,Amber,Warner,F,amber.warner@hotmail.com,59.73
204626,Prof.,Sterling,Patel,M,sterling.patel@aol.com,51.48
830006,Ms.,Enid,Pearson,F,enid.pearson@cox.net,45.03
127205,Mrs.,Annmarie,Frye,F,annmarie.frye@charter.net,31.17
215589,Ms.,Molly,Roach,F,molly.roach@gmail.com,50.8
621606,Mr.,Rogelio,Poole,M,rogelio.poole@exxonmobil.com,25.34
223379,Dr.,Mathew,Duke,M,mathew.duke@rediffmail.com,24.54
236366,Mr.,Lewis,Ayala,M,lewis.ayala@gmail.com,24.68
798043,Ms.,Claudette,Walter,F,claudette.walter@outlook.com,33.47
811092,Ms.,Tracie,Delaney,F,tracie.delaney@hotmail.com,44.19
288820,Mr.,Eric,Mccullough,M,eric.mccullough@gmail.com,51.81
138351,Mr.,Nestor,Carney,M,nestor.carney@gmail.com,42.18
130501,Drs.,Mitzi,Mueller,F,mitzi.mueller@hotmail.com,50.44
587373,Drs.,Lillian,Atkinson,F,lillian.atkinson@aol.com,24.44
750124,Mr.,Barry,Garner,M,barry.garner@gmail.com,37.63
495105,Mrs.,Coleen,Morris,F,coleen.morris@gmail.com,21.71
282678,Hon.,Marci,Alvarado,F,marci.alvarado@gmail.com,51.19
241302,Mr.,Monty,Lancaster,M,monty.lancaster@walmart.com,57.4
790290,Mr.,Norris,Adams,M,norris.adams@yahoo.com,23.78
924304,Mrs.,Elvira,Byrd,F,elvira.byrd@gmail.com,27.49
234880,Mr.,Keven,Logan,M,keven.logan@gmail.com,28.48
443072,Mr.,Rosendo,Rasmussen,M,rosendo.rasmussen@earthlink.net,38.78
232070,Mrs.,Carly,Leach,F,carly.leach@cox.net,46.6
902132,Mrs.,Colleen,Bray,F,colleen.bray@hotmail.com,35.33
280781,Mrs.,Ollie,William,F,ollie.william@verizon.net,37.8
589440,Prof.,Hilario,Vang,M,hilario.vang@gmail.com,39.17
940754,Ms.,Nadine,Blanchard,F,nadine.blanchard@exxonmobil.com,39.4
888277,Prof.,Wm,Carroll,M,wm.carroll@gmail.com,30.22
430202,Ms.,Minnie,Mckee,F,minnie.mckee@gmail.com,21.94
928723,Mrs.,Angela,Compton,F,angela.compton@gmail.com,50.55
449164,Drs.,Lillian,Gill,F,lillian.gill@gmail.com,47.03
117603,Mr.,Bob,Weiss,M,bob.weiss@hotmail.com,25.77
811884,Mr.,Edwin,Perez,M,edwin.perez@gmail.com,25.43
463579,Mr.,Bernardo,Langley,M,bernardo.langley@hotmail.com,44.8
915993,Prof.,William,Morrison,M,william.morrison@gmail.com,50.36
836259,Dr.,Vance,Osborne,M,vance.osborne@shaw.ca,44.75
520719,Prof.,Edmund,Salas,M,edmund.salas@aol.com,58.1
409341,Mrs.,Imogene,Sanders,F,imogene.sanders@yahoo.com,32.17
528576,Mr.,Darin,Callahan,M,darin.callahan@gmail.com,24.77
315565,Mrs.,Loretta,Sawyer,F,loretta.sawyer@hotmail.com,21.53
242740,Ms.,Olive,Livingston,F,olive.livingston@charter.net,36.49
763459,Mr.,Gino,Mcconnell,M,gino.mcconnell@aol.com,41.83
239010,Mr.,Fred,Hayes,M,fred.hayes@yahoo.com,37.64
865905,Mr.,Nelson,Wilkins,M,nelson.wilkins@earthlink.net,55.66
657908,Mrs.,Joyce,Hooper,F,joyce.hooper@hotmail.com,37.46
652723,Mrs.,Juliana,Rowland,F,juliana.rowland@aol.com,24.32
944699,Mr.,Norris,Mack,M,norris.mack@yahoo.co.in,33.88
517283,Prof.,Tom,Frye,M,tom.frye@gmail.com,41.33
176214,Mrs.,Josephine,Pitts,F,josephine.pitts@hotmail.com,44.61
680485,Mr.,Les,Brady,M,les.brady@gmail.com,27.08
891142,Hon.,Jaime,Avery,M,jaime.avery@aol.com,50.43
810984,Mrs.,Marissa,Caldwell,F,marissa.caldwell@aol.com,37.84
896022,Mr.,Lavern,Gardner,M,lavern.gardner@aol.com,45.81
162773,Drs.,Evangeline,Mejia,F,evangeline.mejia@gmail.com,57.93
408036,Ms.,Brandy,Carr,F,brandy.carr@btinternet.com,40.71
591248,Mrs.,Molly,Manning,F,molly.manning@hotmail.com,55.17
562393,Mr.,Gale,Perez,M,gale.perez@rediffmail.com,52.69
808843,Mr.,Merlin,Yates,M,merlin.yates@yahoo.co.uk,26.59
645393,Prof.,Nelson,Mooney,M,nelson.mooney@yahoo.com,50.19
685818,Mr.,Jackson,Bass,M,jackson.bass@gmail.com,34.4
747647,Ms.,Trisha,Mueller,F,trisha.mueller@bp.com,42.15
846178,Ms.,Lilia,Collins,F,lilia.collins@yahoo.com,37.16
754091,Mrs.,Kimberly,Cantu,F,kimberly.cantu@yahoo.com,40.83
808727,Prof.,Luciano,Jordan,M,luciano.jordan@aol.com,23.28
143029,Mr.,Danny,Robbins,M,danny.robbins@hotmail.com,53.87
923271,Mr.,Wilfredo,Richards,M,wilfredo.richards@gmail.com,56.66
621988,Ms.,Callie,Snider,F,callie.snider@yahoo.com,27.63
240842,Mrs.,Rachelle,Reed,F,rachelle.reed@yahoo.co.uk,39.69
517038,Ms.,Bobbi,Olson,F,bobbi.olson@hotmail.com,53.77
456842,Mrs.,Kris,Richards,F,kris.richards@aol.com,51.46
276700,Drs.,Marissa,Meyer,F,marissa.meyer@rediffmail.com,59.08
510431,Mr.,Jamar,Reese,M,jamar.reese@hotmail.co.uk,52.16
451543,Ms.,Nelda,Webster,F,nelda.webster@gmail.com,31.55
423508,Ms.,Carolina,Bruce,F,carolina.bruce@aol.com,45.84
399486,Ms.,Terri,Phelps,F,terri.phelps@microsoft.com,41.71
295933,Mr.,Nestor,Rosales,M,nestor.rosales@aol.com,38.34
855670,Drs.,Adrian,Robles,F,adrian.robles@gmail.com,59.18
151449,Hon.,Kyle,Rios,M,kyle.rios@yahoo.co.uk,24.48
394700,Mr.,Domingo,Wilkinson,M,domingo.wilkinson@outlook.com,32.54
328740,Mr.,Leonardo,Bird,M,leonardo.bird@bp.com,43.54
924134,Dr.,Hubert,Zimmerman,M,hubert.zimmerman@gmail.com,37.38
556518,Mr.,Kory,Frank,M,kory.frank@yahoo.co.in,29.93
237003,Ms.,Tami,Hayes,F,tami.hayes@gmail.com,24.62
518193,Drs.,Amanda,Carr,F,amanda.carr@gmail.com,44.2
540019,Mr.,Stephen,Bauer,M,stephen.bauer@sbcglobal.net,27.14
489463,Mr.,Johnie,Carney,M,johnie.carney@yahoo.com,26.16
763039,Ms.,Rebekah,Hull,F,rebekah.hull@earthlink.net,44.53
854365,Ms.,Kelly,Spence,F,kelly.spence@yahoo.co.uk,45.41
233110,Hon.,Tracie,Estes,F,tracie.estes@hotmail.com,35.24
416483,Mr.,Bennett,Le,M,bennett.le@gmail.com,34.99
629763,Hon.,Vernon,Bass,M,vernon.bass@aol.com,54.85
755278,Mr.,Theron,Sweet,M,theron.sweet@gmail.com,22.39
471560,Mr.,Ernie,Holden,M,ernie.holden@yahoo.com,33.69
988676,Mr.,Shawn,Rasmussen,M,shawn.rasmussen@gmail.com,38.67
606109,Mr.,Enrique,Adams,M,enrique.adams@rediffmail.com,51.65
414129,Mr.,Ernie,Aguilar,M,ernie.aguilar@aol.com,57.01
286890,Mrs.,Carolyn,Donaldson,F,carolyn.donaldson@gmail.com,57.28
944811,Mrs.,Margie,Deleon,F,margie.deleon@sbcglobal.net,38.32
975770,Mr.,Keven,Collins,M,keven.collins@gmail.com,45.07
590955,Mr.,Bruce,Colon,M,bruce.colon@microsoft.com,45.27
565658,Mrs.,Kristen,Lott,F,kristen.lott@msn.com,28.08
569664,Mr.,Howard,Dodson,M,howard.dodson@gmail.com,34.44
939970,Mr.,Merle,Britt,M,merle.britt@aol.com,39.73
848744,Dr.,Hector,Bradley,M,hector.bradley@yahoo.com,28.82
452230,Mr.,Darnell,Spencer,M,darnell.spencer@aol.com,47.9
930129,Ms.,Janelle,William,F,janelle.william@hotmail.com,46.46
909139,Ms.,Eula,Atkinson,F,eula.atkinson@hotmail.com,54.27
678436,Hon.,Theresa,Bender,F,theresa.bender@gmail.com,58.45
196011,Ms.,Kimberley,Jacobson,F,kimberley.jacobson@gmail.com,27.84
666886,Mrs.,Angelita,Reyes,F,angelita.reyes@shaw.ca,54.15
572348,Ms.,Selma,Floyd,F,selma.floyd@hotmail.com,23.84
846144,Mrs.,Edna,Paul,F,edna.paul@yahoo.com,57.59
665326,Dr.,Dewayne,Sheppard,M,dewayne.sheppard@gmail.com,58.75
119399,Prof.,Gale,Rodriquez,M,gale.rodriquez@ibm.com,56.21
744539,Mrs.,Cora,Blackburn,F,cora.blackburn@gmail.com,53.63
518154,Drs.,Annmarie,Roth,F,annmarie.roth@outlook.com,36.81
416872,Mr.,Owen,Lopez,M,owen.lopez@hotmail.co.uk,40.74
339806,Ms.,Chrystal,Pittman,F,chrystal.pittman@gmail.com,50.72
991522,Hon.,Thurman,Daniel,M,thurman.daniel@gmail.com,48.32
830373,Mr.,Darnell,Hoffman,M,darnell.hoffman@rediffmail.com,35.3
987377,Hon.,Raymundo,Sims,M,raymundo.sims@aol.com,53.7
551251,Mr.,Frederick,Graham,M,frederick.graham@aol.com,54.64
143864,Ms.,Natalie,Marshall,F,natalie.marshall@outlook.com,43.62
679990,Mr.,Thad,Franklin,M,thad.franklin@charter.net,23.44
851939,Drs.,Belinda,Trujillo,F,belinda.trujillo@btinternet.com,25.79
272885,Ms.,Rosanna,Chase,F,rosanna.chase@yahoo.com,45.32
588553,Ms.,Wilda,Rios,F,wilda.rios@yahoo.com,30.75
739367,Drs.,Alyssa,Marquez,F,alyssa.marquez@gmail.com,39.2
271247,Mrs.,Liz,Barry,F,liz.barry@gmail.com,25.92
778200,Mr.,Mariano,Lloyd,M,mariano.lloyd@aol.com,58.03
338449,Prof.,Forest,Moss,M,forest.moss@yahoo.com,53.95
581042,Mr.,Gino,Sullivan,M,gino.sullivan@exxonmobil.com,51.72
138800,Prof.,Jarred,Bernard,M,jarred.bernard@hotmail.com,49.27
553362,Mr.,Preston,Floyd,M,preston.floyd@bellsouth.net,49.39
435055,Mr.,Clinton,Farley,M,clinton.farley@sbcglobal.net,34.96
469392,Mrs.,Dana,Hill,F,dana.hill@gmail.com,58.77
161467,Mr.,Odell,Bryan,M,odell.bryan@yahoo.co.in,36.79
755543,Drs.,Tameka,Atkinson,F,tameka.atkinson@hotmail.com,33.93
129077,Mr.,Dominique,Moreno,M,dominique.moreno@aol.com,26.57
707856,Mr.,Abraham,Mayo,M,abraham.mayo@ibm.com,28.25
817818,Mr.,Augustus,Hines,M,augustus.hines@yahoo.com,50.7
226811,Hon.,Rene,Burks,M,rene.burks@rediffmail.com,25.59
283199,Mr.,Christian,Acevedo,M,christian.acevedo@outlook.com,37.04
319493,Mr.,Major,Lucas,M,major.lucas@gmail.com,34.74
205347,Ms.,Frieda,Hebert,F,frieda.hebert@ntlworld.com,59.97
508019,Ms.,Rachael,Newman,F,rachael.newman@gmail.com,57.16
774862,Ms.,Bernadine,Joseph,F,bernadine.joseph@gmail.com,49.69
394200,Mrs.,Deanna,Mccoy,F,deanna.mccoy@yahoo.com,44.92
887692,Mr.,Joseph,Tucker,M,joseph.tucker@bp.com,37.84
408248,Hon.,Antwan,Richardson,M,antwan.richardson@hotmail.com,43.86
787931,Hon.,Harrison,Ortega,M,harrison.ortega@exxonmobil.com,42.32
547050,Mr.,Dylan,Cantu,M,dylan.cantu@aol.com,54.11
964084,Mr.,Winston,Hewitt,M,winston.hewitt@bp.com,59.34
574256,Mrs.,Serena,Marshall,F,serena.marshall@yahoo.com,36.76
215473,Ms.,Maryann,Vance,F,maryann.vance@sbcglobal.net,45.77
932175,Ms.,Roxie,Mckay,F,roxie.mckay@gmail.com,27.81
472119,Dr.,Sonny,Morin,M,sonny.morin@gmail.com,47.72
282137,Mr.,Eduardo,Burnett,M,eduardo.burnett@gmail.com,47.36
395867,Mrs.,Marietta,Watson,F,marietta.watson@gmail.com,46.38
923329,Ms.,Nettie,Preston,F,nettie.preston@gmail.com,38.12
901654,Mr.,Sandy,Gillespie,M,sandy.gillespie@yahoo.com,28.04
673438,Dr.,Christopher,Peters,M,christopher.peters@exxonmobil.com,28.03
626693,Ms.,Felicia,Gilmore,F,felicia.gilmore@gmail.com,44.51
683325,Dr.,Tyler,Mercado,M,tyler.mercado@gmail.com,49.3
486465,Ms.,Arline,Campbell,F,arline.campbell@gmail.com,29.6
213493,Mrs.,Margo,Daniels,F,margo.daniels@gmail.com,47.53
234177,Dr.,Kareem,Jimenez,M,kareem.jimenez@gmail.com,35.04
289041,Mrs.,Nanette,Lee,F,nanette.lee@aol.com,54.25
384810,Drs.,Myra,Franco,F,myra.franco@hotmail.com,27.48
149750,Mr.,Luther,Harrell,M,luther.harrell@hotmail.com,37.52
864858,Mr.,Ramon,Campbell,M,ramon.campbell@walmart.com,26.87
856418,Mrs.,Sallie,Huffman,F,sallie.huffman@walmart.com,55
415537,Hon.,Shirley,Herrera,F,shirley.herrera@gmail.com,40.01
414557,Dr.,Corey,Harrell,M,corey.harrell@yahoo.com,46.05
999475,Ms.,Carrie,Keller,F,carrie.keller@gmail.com,23.39
554345,Ms.,Ofelia,Rivers,F,ofelia.rivers@gmail.com,43.24
349751,Mr.,Shelton,Harrison,M,shelton.harrison@yahoo.com,31.29
194598,Ms.,Carlene,Bernard,F,carlene.bernard@aol.com,23.04
466860,Ms.,Earline,Cherry,F,earline.cherry@bp.com,42.05
618554,Mrs.,Kitty,Mathis,F,kitty.mathis@gmail.com,58.78
535812,Mrs.,Lavonne,Carney,F,lavonne.carney@bp.com,47.71
500345,Mrs.,Reyna,Marks,F,reyna.marks@hotmail.com,34.82
735598,Hon.,Preston,Perez,M,preston.perez@yahoo.com,55.78
921061,Mr.,Isaac,Cochran,M,isaac.cochran@charter.net,53.07
968785,Mr.,Noe,Clay,M,noe.clay@bellsouth.net,42.38
735499,Ms.,Callie,Cohen,F,callie.cohen@aol.com,49.62
983480,Mr.,Elliott,Marks,M,elliott.marks@aol.com,51.53
206279,Ms.,Georgina,Lamb,F,georgina.lamb@gmail.com,25.73
582100,Mr.,Frances,May,M,frances.may@rediffmail.com,50.72
821988,Mr.,Marc,Hurley,M,marc.hurley@gmail.com,35.04
611384,Mr.,Nathaniel,Bates,M,nathaniel.bates@exxonmobil.com,49.77
993792,Mr.,Colby,Holder,M,colby.holder@walmart.com,44
316999,Mrs.,Dee,Love,F,dee.love@ibm.com,53.89
880526,Hon.,Willie,Gibson,M,willie.gibson@gmail.com,55.59
201612,Drs.,Alison,Walsh,F,alison.walsh@btinternet.com,45.99
481137,Ms.,Gena,Holman,F,gena.holman@ntlworld.com,28.25
191985,Ms.,Tammy,Casey,F,tammy.casey@gmail.com,37.31
244500,Ms.,Shirley,Waller,F,shirley.waller@walmart.com,58.13
920668,Mrs.,Joanna,Poole,F,joanna.poole@bellsouth.net,30.2
335470,Mrs.,Amber,Mendoza,F,amber.mendoza@gmail.com,44.5
150036,Mrs.,Lourdes,Hull,F,lourdes.hull@hotmail.com,49.2
251640,Mrs.,Kim,England,F,kim.england@gmail.com,47.47
588702,Ms.,Haley,Maddox,F,haley.maddox@gmail.com,45.41
707453,Mr.,Rory,Atkins,M,rory.atkins@gmail.com,50.93
239168,Drs.,Kathrine,Whitaker,F,kathrine.whitaker@yahoo.com,25.01
146790,Hon.,Lou,Buckner,F,lou.buckner@gmail.com,27.76
637843,Ms.,Karla,Barrera,F,karla.barrera@gmail.com,51.15
689587,Ms.,Ava,Kane,F,ava.kane@aol.com,34.32
126316,Mrs.,Roseann,Riley,F,roseann.riley@aol.com,40.97
318026,Ms.,Elizabeth,Fernandez,F,elizabeth.fernandez@gmail.com,22.08
848311,Mrs.,Flora,Decker,F,flora.decker@aol.com,59.98
774548,Ms.,Shannon,Parker,F,shannon.parker@yahoo.com,29.63
611233,Ms.,James,Cain,F,james.cain@gmail.com,21.58
421652,Mr.,Craig,Roberts,M,craig.roberts@yahoo.co.uk,52.87
528969,Hon.,Celina,Huffman,F,celina.huffman@aol.com,39.95
202408,Ms.,Jimmie,Burnett,F,jimmie.burnett@microsoft.com,22.44
918148,Mrs.,Faye,Barrett,F,faye.barrett@sbcglobal.net,32.09
396091,Ms.,Gena,Bradley,F,gena.bradley@gmail.com,44.47
808996,Mr.,Deandre,Good,M,deandre.good@aol.com,51.16
752301,Mr.,Garland,Ayers,M,garland.ayers@ibm.com,46.48
654102,Mr.,Jerrod,Bell,M,jerrod.bell@yahoo.com,25.04
809104,Mr.,Alexis,Holland,M,alexis.holland@aol.com,37.62
929548,Mrs.,Deidre,Barrett,F,deidre.barrett@yahoo.com,31.19
978535,Mr.,Fred,Hoffman,M,fred.hoffman@microsoft.com,47.11
211729,Mrs.,Effie,Santana,F,effie.santana@yahoo.com,54.71
760573,Hon.,Juliette,Mosley,F,juliette.mosley@hotmail.com,52.94
979873,Ms.,Susan,Schwartz,F,susan.schwartz@gmail.com,48.66
446702,Mr.,Richie,Downs,M,richie.downs@cox.net,56.83
505362,Mr.,Winston,Griffin,M,winston.griffin@gmail.com,23.66
451940,Mr.,Sammy,Mills,M,sammy.mills@yahoo.com,32.44
411196,Ms.,Gracie,Mosley,F,gracie.mosley@yahoo.co.uk,49.7
636457,Mr.,Manuel,Bentley,M,manuel.bentley@yahoo.com,58.8
262702,Mr.,Roberto,Hogan,M,roberto.hogan@aol.com,53.21
422323,Mrs.,Wilma,Gray,F,wilma.gray@gmail.com,54.03
328389,Mr.,Roderick,Perry,M,roderick.perry@gmail.com,33.44
733184,Hon.,Mayra,Bowen,F,mayra.bowen@gmail.com,45.3
649821,Mr.,Andres,Alexander,M,andres.alexander@yahoo.com,34.96
117956,Mr.,Quentin,Carney,M,quentin.carney@gmail.com,39.01
670526,Mrs.,Adrian,Dunlap,F,adrian.dunlap@hotmail.com,32.55
752997,Hon.,Lelia,Sawyer,F,lelia.sawyer@gmail.com,37.25
340599,Mr.,Tad,Patrick,M,tad.patrick@yahoo.co.in,40.25
239415,Mrs.,Pansy,Macdonald,F,pansy.macdonald@gmail.com,44.55
280326,Mr.,Agustin,Gentry,M,agustin.gentry@aol.com,54.7
445516,Mr.,Riley,Conley,M,riley.conley@gmail.com,25.74
586177,Mr.,Bernard,Leach,M,bernard.leach@sbcglobal.net,27.71
866614,Hon.,Lonnie,Gonzales,M,lonnie.gonzales@aol.com,49.24
751376,Mr.,Courtney,Barnes,M,courtney.barnes@ntlworld.com,24.08
196645,Mrs.,Eliza,Odonnell,F,eliza.odonnell@msn.com,30.47
728839,Mr.,Jody,Mejia,M,jody.mejia@verizon.net,57.72
694921,Ms.,Pam,Stuart,F,pam.stuart@gmail.com,50.55
719798,Mr.,Trevor,Romero,M,trevor.romero@gmail.com,34.91
375797,Ms.,Tamara,Perez,F,tamara.perez@aol.com,41.28
160350,Ms.,Bonita,Dixon,F,bonita.dixon@gmail.com,38.93
937931,Mr.,Raphael,Durham,M,raphael.durham@bp.com,45.33
155916,Mrs.,Rosanne,Mendoza,F,rosanne.mendoza@shell.com,58.89
905335,Ms.,Ola,Hays,F,ola.hays@exxonmobil.com,37.68
502509,Ms.,Genevieve,Finley,F,genevieve.finley@charter.net,59.76
563580,Mr.,Lamont,Albert,M,lamont.albert@yahoo.com,49.33
433698,Ms.,Margie,Vincent,F,margie.vincent@ibm.com,42.76
163351,Mr.,Terrell,Sears,M,terrell.sears@yahoo.co.uk,47.28
898816,Ms.,Edna,Riddle,F,edna.riddle@walmart.com,56.89
641368,Mr.,Lindsey,Griffin,M,lindsey.griffin@gmail.com,38.7
177982,Ms.,Lorrie,Sears,F,lorrie.sears@gmail.com,44.78
330889,Prof.,Denver,Mays,M,denver.mays@charter.net,48.37
639474,Ms.,Daisy,Giles,F,daisy.giles@yahoo.ca,29.76
911800,Ms.,Esperanza,Wade,F,esperanza.wade@gmail.com,47.45
222807,Drs.,Janice,Berg,F,janice.berg@gmail.com,59.22
516945,Mrs.,Helene,Gallegos,F,helene.gallegos@gmail.com,28.35
230829,Hon.,Rosario,Tyson,F,rosario.tyson@gmail.com,21.1
133610,Hon.,Teresa,Bowen,F,teresa.bowen@ibm.com,31.01
791967,Mrs.,Janna,Joseph,F,janna.joseph@gmail.com,35.85
772354,Ms.,Erika,Myers,F,erika.myers@gmail.com,42.28
909265,Mr.,Mohamed,Fitzgerald,M,mohamed.fitzgerald@aol.com,58.39
208763,Hon.,Mohammad,Downs,M,mohammad.downs@gmail.com,41.69
679572,Mr.,Felipe,Vance,M,felipe.vance@gmail.com,55.48
992569,Dr.,Rusty,Moran,M,rusty.moran@aol.com,37.36
821754,Mrs.,Kirsten,Wolf,F,kirsten.wolf@aol.com,56.35
751897,Mrs.,Mercedes,Glass,F,mercedes.glass@ntlworld.com,53.2
208375,Ms.,Kenya,Merrill,F,kenya.merrill@apple.com,37.43
931551,Mr.,Laurence,Camacho,M,laurence.camacho@gmail.com,28.4
317525,Ms.,Shirley,Potter,F,shirley.potter@yahoo.ca,31.51
993099,Mr.,Ricky,Snider,M,ricky.snider@gmail.com,58.12
854776,Hon.,Jerry,Jacobs,F,jerry.jacobs@gmail.com,32.02
437878,Ms.,Melva,Payne,F,melva.payne@bellsouth.net,39.41
350842,Mr.,Josef,Lamb,M,josef.lamb@gmail.com,43.64
125134,Mrs.,Ellen,Bird,F,ellen.bird@sbcglobal.net,48.44
651597,Ms.,Lydia,Lindsey,F,lydia.lindsey@comcast.net,45.1
801970,Ms.,Becky,Bolton,F,becky.bolton@gmail.com,44.97
217117,Drs.,Edna,Petersen,F,edna.petersen@gmail.com,59.29
539548,Hon.,Yong,Poole,M,yong.poole@sbcglobal.net,35.03
479754,Drs.,Shannon,Singleton,F,shannon.singleton@yahoo.co.in,57.54
992197,Mr.,Benny,Smith,M,benny.smith@gmail.com,28.87
844571,Hon.,Rhea,Faulkner,F,rhea.faulkner@charter.net,49.25
618339,Mr.,Tracy,Sparks,M,tracy.sparks@hotmail.co.uk,28.16
804360,Mr.,Wilburn,Atkins,M,wilburn.atkins@btinternet.com,44.7
335435,Mr.,Frank,Larson,M,frank.larson@charter.net,42.48
308129,Mr.,Barton,Mullen,M,barton.mullen@apple.com,47.11
192292,Dr.,Max,Barrera,M,max.barrera@shell.com,56.98
410844,Mr.,Eliseo,Wilkerson,M,eliseo.wilkerson@hotmail.com,34.98
530958,Mrs.,Lynne,Vinson,F,lynne.vinson@hotmail.com,29.35
232194,Ms.,Maude,Jackson,F,maude.jackson@sbcglobal.net,51.7
888196,Mrs.,Kathryn,Sargent,F,kathryn.sargent@aol.com,33.03
696612,Hon.,Dan,William,M,dan.william@gmail.com,51.3
775434,Ms.,Tanisha,Lester,F,tanisha.lester@ibm.com,39.65
860093,Mrs.,Kitty,Clay,F,kitty.clay@yahoo.ca,46.62
476072,Hon.,Kent,Jackson,M,kent.jackson@exxonmobil.com,42.76
407160,Ms.,Ashlee,Gardner,F,ashlee.gardner@gmail.com,52.57
221262,Hon.,Felecia,Sparks,F,felecia.sparks@gmail.com,54.72
790187,Mr.,Horace,Rasmussen,M,horace.rasmussen@gmail.com,58.75
771945,Mr.,Rickie,Gilmore,M,rickie.gilmore@gmail.com,54.98
372188,Ms.,Maria,Chavez,F,maria.chavez@gmail.com,31.24
657125,Mrs.,Michael,West,F,michael.west@aol.com,45.5
489761,Ms.,Paula,Pacheco,F,paula.pacheco@rediffmail.com,21.72
651738,Mr.,Rick,Sawyer,M,rick.sawyer@earthlink.net,57.42
463929,Mr.,Ramiro,Rojas,M,ramiro.rojas@ntlworld.com,32.76
521878,Dr.,Benny,Stephenson,M,benny.stephenson@apple.com,31.09
697802,Ms.,Beryl,Nelson,F,beryl.nelson@gmail.com,29.42
842936,Ms.,Bernice,Conrad,F,bernice.conrad@aol.com,37.19
333260,Mr.,Bud,Knowles,M,bud.knowles@hotmail.com,58.1
696218,Mrs.,Anita,Pratt,F,anita.pratt@gmail.com,59.24
161109,Hon.,Kareem,Fuentes,M,kareem.fuentes@hotmail.com,43.54
938475,Mr.,Curtis,Hoover,M,curtis.hoover@gmail.com,39.28
368041,Ms.,Tamika,Rosa,F,tamika.rosa@walmart.com,44.25
738794,Mr.,Carmelo,Scott,M,carmelo.scott@yahoo.co.uk,30.82
703738,Drs.,Rebecca,Moon,F,rebecca.moon@rediffmail.com,30
188409,Ms.,Pearlie,Bryant,F,pearlie.bryant@gmail.com,30.07
206997,Mr.,Donovan,Russo,M,donovan.russo@hotmail.com,39.71
677871,Mr.,Robt,Ramsey,M,robt.ramsey@comcast.net,31.37
963113,Mrs.,Lacy,Rowe,F,lacy.rowe@gmail.com,56.49
291577,Mrs.,Rosemary,Vaughn,F,rosemary.vaughn@aol.com,33.87
142501,Dr.,Lon,Martin,M,lon.martin@hotmail.co.uk,29
358556,Ms.,Grace,Dejesus,F,grace.dejesus@yahoo.co.uk,38.53
126137,Dr.,Felix,Haynes,M,felix.haynes@aol.com,38.99
409492,Drs.,Beatriz,Pugh,F,beatriz.pugh@aol.com,35.32
967793,Ms.,Louisa,Wallace,F,louisa.wallace@shaw.ca,30.15
790017,Prof.,Aubrey,Myers,M,aubrey.myers@hotmail.com,58.62
998638,Ms.,Reyna,Mccoy,F,reyna.mccoy@hotmail.com,34.21
402452,Dr.,Rusty,Fletcher,M,rusty.fletcher@gmail.com,37.99
490868,Prof.,Houston,Morris,M,houston.morris@verizon.net,36.22
381597,Hon.,Edwardo,Stone,M,edwardo.stone@gmail.com,29.08
852587,Prof.,Clifton,Langley,M,clifton.langley@verizon.net,25.16
732315,Drs.,Amparo,Campos,F,amparo.campos@gmail.com,44.84
937260,Mrs.,Martha,Schmidt,F,martha.schmidt@aol.com,34.76
290034,Mrs.,Charmaine,Hawkins,F,charmaine.hawkins@yahoo.com,32.99
273325,Ms.,Jayne,Thomas,F,jayne.thomas@hotmail.com,57.59
809726,Dr.,Bryce,Cox,M,bryce.cox@gmail.com,38.71
575035,Mrs.,Beatrice,Lawson,F,beatrice.lawson@hotmail.com,27.36
211129,Mr.,Alphonse,Torres,M,alphonse.torres@btinternet.com,45.59
673451,Drs.,Rae,Peck,F,rae.peck@gmail.com,25.53
230226,Ms.,Dona,Maxwell,F,dona.maxwell@gmail.com,40.83
673126,Dr.,David,Meyer,M,david.meyer@shaw.ca,49.12
615857,Drs.,Clara,Harrington,F,clara.harrington@gmail.com,31.72
251151,Dr.,Harlan,Vaughan,M,harlan.vaughan@bp.com,41.78
232585,Ms.,Wanda,Lester,F,wanda.lester@gmail.com,52.32
237448,Drs.,Keri,Buchanan,F,keri.buchanan@hotmail.co.uk,32.14
764254,Mr.,Wilfred,Charles,M,wilfred.charles@btinternet.com,43.41
837427,Mr.,Lynn,Howe,M,lynn.howe@gmail.com,28.38
934912,Hon.,Faye,Mercer,F,faye.mercer@yahoo.com,34.7
747004,Mr.,Bennie,Melendez,M,bennie.melendez@yahoo.com,59.05
497086,Mr.,Scotty,Ellis,M,scotty.ellis@hotmail.com,44.29
743314,Mr.,Grady,Herman,M,grady.herman@yahoo.ca,48.16
570767,Mrs.,Eula,Aguirre,F,eula.aguirre@exxonmobil.com,46.37
445556,Ms.,Nita,Adams,F,nita.adams@hotmail.com,31.5
471961,Dr.,Zachery,Harvey,M,zachery.harvey@walmart.com,46.16
273769,Dr.,Scot,Faulkner,M,scot.faulkner@bp.com,51.22
280832,Mrs.,Mia,Joseph,F,mia.joseph@hotmail.co.uk,28.12
411066,Mr.,Hung,Herman,M,hung.herman@gmail.com,40.65
843879,Ms.,Genevieve,Bradshaw,F,genevieve.bradshaw@gmail.com,50.44
352677,Mr.,Alec,Brown,M,alec.brown@cox.net,50.4
237902,Mr.,Pasquale,Knight,M,pasquale.knight@yahoo.co.uk,56.65
180696,Mrs.,Sheri,Whitley,F,sheri.whitley@bp.com,35.67
168016,Prof.,Mauro,Marshall,M,mauro.marshall@gmail.com,28.7
481176,Ms.,Cristina,Grimes,F,cristina.grimes@yahoo.com,23.82
438561,Mr.,Raul,Frost,M,raul.frost@hotmail.com,52.04
709146,Hon.,Amparo,Dixon,F,amparo.dixon@charter.net,38.24
746945,Mr.,Efrain,Carney,M,efrain.carney@yahoo.com,59.15
473773,Mr.,Stacey,Workman,M,stacey.workman@gmail.com,51.38
828174,Dr.,Leon,Mcgowan,M,leon.mcgowan@hotmail.com,31.24
438094,Mrs.,Vonda,Johns,F,vonda.johns@aol.com,45.08
866744,Dr.,Jorge,Wright,M,jorge.wright@cox.net,34.15
638900,Drs.,Brandy,Bean,F,brandy.bean@ntlworld.com,22.21
759226,Ms.,Lakeisha,Bowman,F,lakeisha.bowman@hotmail.com,49.61
476750,Drs.,Ernestine,Lambert,F,ernestine.lambert@msn.com,47.41
588664,Mr.,Julius,Gardner,M,julius.gardner@btinternet.com,30.67
403910,Ms.,Naomi,Jacobs,F,naomi.jacobs@hotmail.com,44.24
449655,Mr.,Sydney,Frederick,M,sydney.frederick@bellsouth.net,25.41
226863,Mr.,Clifton,Tyson,M,clifton.tyson@gmail.com,50.46
651910,Mrs.,Consuelo,Hamilton,F,consuelo.hamilton@gmail.com,56.87
717861,Mr.,Aldo,Jarvis,M,aldo.jarvis@aol.com,34.64
885624,Mrs.,Deidre,Anthony,F,deidre.anthony@yahoo.co.uk,32.27
341048,Ms.,Maura,Delaney,F,maura.delaney@yahoo.com,53.98
709748,Hon.,Claudine,Landry,F,claudine.landry@cox.net,32.49
454287,Drs.,Silvia,Ortega,F,silvia.ortega@hotmail.com,51.38
390973,Ms.,Gilda,Dillon,F,gilda.dillon@msn.com,45.73
570009,Drs.,Mai,Jennings,F,mai.jennings@gmail.com,32.75
454506,Drs.,Cecilia,Dawson,F,cecilia.dawson@yahoo.com,42.47
147313,Mr.,Wilburn,Rowe,M,wilburn.rowe@yahoo.com,39.65
307771,Mr.,Delbert,Cooley,M,delbert.cooley@shell.com,40.69
498653,Dr.,Vincent,Case,M,vincent.case@yahoo.com,34.05
964798,Prof.,Orlando,Wilkerson,M,orlando.wilkerson@hotmail.com,44.34
616656,Mr.,Isiah,Hubbard,M,isiah.hubbard@hotmail.com,46.44
232425,Mrs.,Jeanine,Ratliff,F,jeanine.ratliff@gmail.com,49.99
504422,Prof.,Damien,Middleton,M,damien.middleton@bp.com,41.17
941632,Mrs.,Fern,Burris,F,fern.burris@aol.com,43.81
925954,Mrs.,Katy,Glass,F,katy.glass@charter.net,45
585128,Ms.,Nikki,Bean,F,nikki.bean@gmail.com,27.81
271180,Mr.,Norris,Alvarez,M,norris.alvarez@charter.net,31.93
277858,Mr.,Reinaldo,Eaton,M,reinaldo.eaton@gmail.com,36.21
118882,Mr.,Eddie,Irwin,M,eddie.irwin@hotmail.com,32.33
957082,Ms.,Denise,Swanson,F,denise.swanson@aol.com,25.24
191995,Mrs.,Sasha,Beard,F,sasha.beard@gmail.com,37.17
294276,Mr.,Josh,Tucker,M,josh.tucker@hotmail.com,26.02
955260,Mr.,Rodger,Roach,M,rodger.roach@apple.com,48.7
457714,Mr.,Miles,Mcdaniel,M,miles.mcdaniel@gmail.com,53.78
327467,Mrs.,Erin,French,F,erin.french@hotmail.com,43.22
642418,Hon.,Rosalind,Booth,F,rosalind.booth@shaw.ca,46.35
536053,Mr.,Lenard,Conner,M,lenard.conner@gmail.com,41.18
950796,Hon.,Wilson,Mcmillan,M,wilson.mcmillan@msn.com,26.8
475176,Mr.,Harley,Murphy,M,harley.murphy@yahoo.com,50.46
873985,Ms.,Carrie,Ramsey,F,carrie.ramsey@gmail.com,22.45
706151,Dr.,Esteban,Finch,M,esteban.finch@walmart.com,39.04
734991,Mr.,Merle,Martin,M,merle.martin@gmail.com,52.05
461350,Ms.,Joanna,Rodriquez,F,joanna.rodriquez@gmail.com,53.75
454745,Prof.,Cyrus,Gardner,M,cyrus.gardner@gmail.com,25.22
901588,Mrs.,Mariana,Mcneil,F,mariana.mcneil@aol.com,56.38
891083,Dr.,Fletcher,Hardin,M,fletcher.hardin@btinternet.com,22.19
654747,Prof.,Edwin,Brock,M,edwin.brock@gmail.com,22.99
778415,Ms.,Noreen,Bray,F,noreen.bray@gmail.com,56.72
996768,Mr.,Ollie,Woods,M,ollie.woods@aol.com,33.53
295864,Mr.,Cleveland,Kirkland,M,cleveland.kirkland@gmail.com,24.28
924999,Mr.,Arron,Olsen,M,arron.olsen@shaw.ca,39.6
291663,Mr.,Elijah,Garrison,M,elijah.garrison@gmail.com,30.59
818352,Ms.,Allie,Landry,F,allie.landry@ntlworld.com,51.59
636018,Mrs.,Janie,Cooke,F,janie.cooke@gmail.com,47.24
712045,Hon.,Shelia,Conrad,F,shelia.conrad@ibm.com,42.98
507999,Ms.,Aida,Banks,F,aida.banks@yahoo.com,25.68
770255,Hon.,Lora,Wheeler,F,lora.wheeler@gmail.com,39.93
977573,Mr.,Fritz,Gross,M,fritz.gross@ibm.com,40.41
206695,Mrs.,Natalie,Ellison,F,natalie.ellison@bp.com,45.09
688327,Mr.,Eliseo,Berry,M,eliseo.berry@apple.com,32.43
903098,Prof.,Philip,Mcbride,M,philip.mcbride@outlook.com,29.69
557561,Mrs.,Kay,Travis,F,kay.travis@yahoo.co.in,49.99
864516,Ms.,Liliana,Donovan,F,liliana.donovan@hotmail.com,32.88
743727,Ms.,Elise,Kidd,F,elise.kidd@hotmail.com,50.46
205865,Ms.,Tabitha,Baird,F,tabitha.baird@cox.net,56.27
909024,Hon.,Barney,Guerrero,M,barney.guerrero@gmail.com,43.6
808609,Mrs.,Myrtle,Riggs,F,myrtle.riggs@shaw.ca,26.82
804895,Hon.,Frederick,Mckay,M,frederick.mckay@gmail.com,29.99
564246,Ms.,Debora,Hinton,F,debora.hinton@hotmail.com,22.84
208230,Mr.,Merlin,Meyers,M,merlin.meyers@gmail.com,46.73
232387,Drs.,Celia,Huffman,F,celia.huffman@rediffmail.com,22.39
124923,Ms.,Tina,Cabrera,F,tina.cabrera@gmail.com,47.41
274518,Ms.,Kelsey,Brown,F,kelsey.brown@gmail.com,31.82
288568,Mr.,Danny,Shaw,M,danny.shaw@gmail.com,45.28
802355,Mrs.,Dena,Gomez,F,dena.gomez@aol.com,48.61
648744,Dr.,Edmund,Blankenship,M,edmund.blankenship@yahoo.com,51.75
224106,Dr.,Hershel,Cain,M,hershel.cain@walmart.com,53.42
543320,Mrs.,Lawanda,Whitehead,F,lawanda.whitehead@earthlink.net,44.03
838662,Ms.,Sophia,Gregory,F,sophia.gregory@sbcglobal.net,31.48
138130,Ms.,Lauren,Mcgee,F,lauren.mcgee@gmail.com,40.15
516579,Mr.,Guy,Rutledge,M,guy.rutledge@hotmail.com,23.1
939556,Mr.,Kurt,Oconnor,M,kurt.oconnor@hotmail.co.uk,47.14
495659,Mrs.,Mallory,Pearson,F,mallory.pearson@aol.com,47.55
630030,Ms.,Louisa,Nelson,F,louisa.nelson@aol.com,38.44
874431,Mr.,Diego,Huffman,M,diego.huffman@hotmail.com,56.09
809793,Ms.,Louisa,Ellison,F,louisa.ellison@yahoo.co.uk,38.67
942454,Hon.,Josue,Cross,M,josue.cross@shell.com,31.35
228229,Mrs.,Ines,Dominguez,F,ines.dominguez@sbcglobal.net,42.55
375190,Mr.,Lance,Garza,M,lance.garza@verizon.net,37.87
532560,Ms.,Belinda,Pace,F,belinda.pace@yahoo.com,41.08
210135,Ms.,Gracie,Herring,F,gracie.herring@shaw.ca,28.96
228355,Dr.,Benito,Knapp,M,benito.knapp@aol.com,38.06
965308,Mrs.,Lucinda,Mcgowan,F,lucinda.mcgowan@gmail.com,33.72
768500,Ms.,Jami,Golden,F,jami.golden@gmail.com,56.72
816768,Dr.,David,Gutierrez,M,david.gutierrez@gmail.com,22.45
909541,Mr.,Clement,Myers,M,clement.myers@earthlink.net,58.71
529604,Mr.,Shane,Porter,M,shane.porter@hotmail.co.uk,35.16
140932,Mr.,Clint,Gross,M,clint.gross@microsoft.com,48.3
725731,Mrs.,Ofelia,Pickett,F,ofelia.pickett@hotmail.com,27.43
214985,Mrs.,Karina,Green,F,karina.green@yahoo.ca,49.85
405156,Mr.,Sam,Burris,M,sam.burris@cox.net,57.48
249736,Hon.,Lina,Shannon,F,lina.shannon@bp.com,36.47
526273,Mr.,Myles,Coleman,M,myles.coleman@gmail.com,34.5
654723,Mr.,Clay,Freeman,M,clay.freeman@gmail.com,44
672964,Mrs.,Catalina,Guthrie,F,catalina.guthrie@aol.com,42.24
240799,Ms.,Nannie,Moon,F,nannie.moon@gmail.com,41.22
169618,Dr.,Donovan,Serrano,M,donovan.serrano@btinternet.com,28.8
430633,Drs.,Sondra,Reyes,F,sondra.reyes@yahoo.co.uk,24.29
116286,Hon.,Terrance,Duke,M,terrance.duke@microsoft.com,32.76
486573,Mrs.,Colleen,Rodriguez,F,colleen.rodriguez@cox.net,23.47
371751,Prof.,Thad,Luna,M,thad.luna@gmail.com,48.46
783654,Mr.,Terence,Clay,M,terence.clay@outlook.com,22.03
845635,Ms.,Bettie,Holman,F,bettie.holman@hotmail.co.uk,37.62
266624,Mr.,Boyd,Greer,M,boyd.greer@yahoo.co.in,21.51
682855,Mr.,Corey,Edwards,M,corey.edwards@gmail.com,48.14
229899,Hon.,Violet,Lindsay,F,violet.lindsay@charter.net,58.13
701561,Mrs.,Camille,Mullins,F,camille.mullins@yahoo.com,50.19
114862,Mrs.,Nicole,Rodriquez,F,nicole.rodriquez@gmail.com,53.52
445650,Mr.,Joan,Bauer,M,joan.bauer@yahoo.com,35.52
574544,Mr.,Kennith,Marquez,M,kennith.marquez@aol.com,45.67
990758,Ms.,Mae,Hurst,F,mae.hurst@gmail.com,29.07
833424,Dr.,Denver,Mann,M,denver.mann@exxonmobil.com,59.1
864834,Mr.,Milford,Dickerson,M,milford.dickerson@gmail.com,51.79
703495,Ms.,Marva,Phelps,F,marva.phelps@hotmail.com,43.35
222179,Mrs.,Betsy,Dillon,F,betsy.dillon@msn.com,34.67
951011,Ms.,Celeste,Ramirez,F,celeste.ramirez@aol.com,35.68
187639,Mrs.,Tonya,Burke,F,tonya.burke@aol.com,35.15
375051,Ms.,Deana,Spencer,F,deana.spencer@hotmail.com,41.02
509810,Ms.,Susanne,Joseph,F,susanne.joseph@gmail.com,53.63
625661,Mr.,Cole,Spencer,M,cole.spencer@yahoo.com,58.15
662168,Prof.,Marlon,Whitaker,M,marlon.whitaker@aol.com,35.32
678244,Mrs.,Trudy,Frazier,F,trudy.frazier@rediffmail.com,57.18
864339,Mrs.,Tania,May,F,tania.may@hotmail.com,57.36
436424,Mr.,Leonel,Guerrero,M,leonel.guerrero@exxonmobil.com,25.25
606834,Drs.,Nadia,Stokes,F,nadia.stokes@gmail.com,38.05
268942,Mr.,Cody,Dillard,M,cody.dillard@gmail.com,41.46
484822,Ms.,Megan,Fry,F,megan.fry@gmail.com,21.54
397241,Ms.,Darla,Durham,F,darla.durham@microsoft.com,30.11
924252,Hon.,Cecile,Ross,F,cecile.ross@bp.com,23.58
717079,Hon.,Helene,Franco,F,helene.franco@shell.com,50.13
494794,Mr.,Vernon,Buchanan,M,vernon.buchanan@gmail.com,23.63
970841,Hon.,Marva,Santiago,F,marva.santiago@gmail.com,28.77
281794,Mrs.,Yvette,Bentley,F,yvette.bentley@hotmail.com,25.18
520539,Hon.,Derick,Daugherty,M,derick.daugherty@hotmail.com,31.59
567269,Ms.,Fay,Villarreal,F,fay.villarreal@yahoo.com,28.33
749292,Ms.,Deanna,Wilkins,F,deanna.wilkins@ibm.com,54.65
292144,Drs.,Augusta,Andrews,F,augusta.andrews@gmail.com,31.64
896825,Ms.,Erna,Tran,F,erna.tran@gmail.com,40.92
216408,Mr.,Luther,Short,M,luther.short@gmail.com,24.14
579003,Prof.,Curtis,Williamson,M,curtis.williamson@hotmail.com,43.05
249410,Ms.,Yvette,Rivers,F,yvette.rivers@ibm.com,45.75
241389,Mr.,Walter,Velez,M,walter.velez@gmail.com,25.28
311405,Ms.,Christa,Wilkins,F,christa.wilkins@verizon.net,42.79
796832,Mr.,Milton,Neal,M,milton.neal@gmail.com,45.68
976347,Ms.,Kimberly,Harmon,F,kimberly.harmon@gmail.com,25.83
363748,Mr.,Lemuel,Houston,M,lemuel.houston@charter.net,38.54
368157,Hon.,Marcie,Weiss,F,marcie.weiss@yahoo.com,22.78
466203,Mr.,Bart,Whitaker,M,bart.whitaker@hotmail.com,55.13
893798,Ms.,Patrice,Koch,F,patrice.koch@shaw.ca,22.21
501368,Mr.,Xavier,Mcintosh,M,xavier.mcintosh@gmail.com,26.65
507594,Ms.,Lidia,Rojas,F,lidia.rojas@yahoo.com,23.91
390989,Drs.,Essie,Bridges,F,essie.bridges@yahoo.co.uk,24.39
312364,Mrs.,Sondra,Stephens,F,sondra.stephens@msn.com,40.74
444670,Mr.,Monte,Contreras,M,monte.contreras@gmail.com,42.24
969572,Mr.,Ernesto,Moreno,M,ernesto.moreno@hotmail.com,51.7
129405,Prof.,Ismael,Ellis,M,ismael.ellis@charter.net,42.33
612960,Mr.,Elijah,Hopkins,M,elijah.hopkins@aol.com,23.27
328690,Mrs.,Leigh,Mccall,F,leigh.mccall@gmail.com,30.05
960091,Mr.,Genaro,Stafford,M,genaro.stafford@yahoo.com,37.97
563448,Drs.,Lucy,Hinton,F,lucy.hinton@yahoo.com,41.21
982922,Ms.,Bernadette,Glass,F,bernadette.glass@hotmail.com,23.19
646972,Mr.,Lee,Peck,M,lee.peck@gmail.com,41.49
387407,Prof.,Damian,Ellison,M,damian.ellison@gmail.com,55.29
468347,Mr.,Dusty,Hendricks,M,dusty.hendricks@gmail.com,50.18
707678,Hon.,Katina,Wynn,F,katina.wynn@gmail.com,29.89
709899,Prof.,Clair,Morris,M,clair.morris@gmail.com,59.1
931481,Prof.,Ernesto,Short,M,ernesto.short@hotmail.com,24.5
415337,Drs.,Frankie,Wiggins,F,frankie.wiggins@gmail.com,58.8
795746,Mrs.,Angelique,Guy,F,angelique.guy@hotmail.com,27.28
880808,Mr.,Marcelino,Tanner,M,marcelino.tanner@gmail.com,55.05
224527,Prof.,Tony,Weiss,M,tony.weiss@aol.com,46.2
674436,Dr.,Lenard,Cardenas,M,lenard.cardenas@yahoo.co.uk,36.5
492623,Mrs.,Aurora,Gray,F,aurora.gray@gmail.com,52.28
589874,Ms.,Manuela,Koch,F,manuela.koch@aol.com,49.66
476018,Ms.,Jean,Mclean,F,jean.mclean@walmart.com,30.25
228339,Drs.,Barbra,Sutton,F,barbra.sutton@ibm.com,30.1
239118,Mrs.,Deann,Mccormick,F,deann.mccormick@yahoo.co.uk,58.33
125780,Ms.,Reba,Browning,F,reba.browning@hotmail.com,52.89
431018,Mr.,Rickie,Alston,M,rickie.alston@gmail.com,27.31
452967,Dr.,Lyman,Reeves,M,lyman.reeves@yahoo.com,27.32
407464,Mr.,Deon,Quinn,M,deon.quinn@gmail.com,51.89
871827,Mr.,Israel,Mccarthy,M,israel.mccarthy@outlook.com,44.84
884068,Dr.,Moises,Berger,M,moises.berger@shell.com,53.26
131361,Ms.,Jerri,Douglas,F,jerri.douglas@yahoo.com,54.27
259652,Mr.,Bradley,Nieves,M,bradley.nieves@gmail.com,33.93
430932,Hon.,Romeo,Foster,M,romeo.foster@shell.com,34.25
637522,Hon.,Leopoldo,Mcgee,M,leopoldo.mcgee@gmail.com,30.78
467568,Prof.,Andrea,Crawford,M,andrea.crawford@exxonmobil.com,38.96
683539,Mr.,Charley,Daniel,M,charley.daniel@yahoo.com,58.43
417301,Ms.,Carolyn,Butler,F,carolyn.butler@yahoo.com,39.01
682104,Mrs.,Gracie,Stanley,F,gracie.stanley@gmail.com,42.79
544977,Mr.,Jerrold,Sweet,M,jerrold.sweet@gmail.com,25.76
928962,Mr.,Joshua,Small,M,joshua.small@gmail.com,56.9
248088,Mrs.,Kristy,Jordan,F,kristy.jordan@hotmail.com,27.64
599683,Mr.,Spencer,Williams,M,spencer.williams@hotmail.com,39.99
117980,Ms.,Ashley,Ochoa,F,ashley.ochoa@shell.com,38.95
899405,Mr.,Rocco,Wall,M,rocco.wall@gmail.com,52.85
935067,Mr.,Sonny,Carey,M,sonny.carey@gmail.com,55.79
521604,Hon.,Erich,Goodman,M,erich.goodman@gmail.com,55.36
848091,Prof.,Mack,Massey,M,mack.massey@shaw.ca,24.22
999219,Ms.,Vicky,Burgess,F,vicky.burgess@hotmail.com,25.33
209627,Mrs.,Willa,Hensley,F,willa.hensley@gmail.com,51.77
642586,Hon.,Reva,Morales,F,reva.morales@yahoo.com,28.6
651163,Ms.,Ina,Cummings,F,ina.cummings@gmail.com,24.12
425289,Mrs.,Kristi,Monroe,F,kristi.monroe@gmail.com,45.37
314444,Mr.,Danial,Carpenter,M,danial.carpenter@msn.com,31.03
956821,Ms.,Benita,Duncan,F,benita.duncan@gmail.com,59.73
711278,Mr.,Dwayne,Kim,M,dwayne.kim@ibm.com,41.59
125371,Ms.,Lorrie,Rocha,F,lorrie.rocha@aol.com,22.55
906259,Drs.,Juliana,Hines,F,juliana.hines@gmail.com,37.64
327429,Prof.,Mac,Mcleod,M,mac.mcleod@gmail.com,38.5
272413,Mr.,Bryce,Bonner,M,bryce.bonner@gmail.com,59.49
645306,Mr.,Guadalupe,Holcomb,M,guadalupe.holcomb@hotmail.com,36.44
180869,Mr.,Jacob,Cherry,M,jacob.cherry@yahoo.co.in,46.85
222563,Mrs.,Jeanette,Rivera,F,jeanette.rivera@aol.com,53.94
541221,Mr.,Jefferson,Holt,M,jefferson.holt@yahoo.ca,21.04
198476,Mr.,Dillon,Dunn,M,dillon.dunn@yahoo.ca,44.14
664807,Hon.,Bertie,Slater,F,bertie.slater@gmail.com,23.5
673745,Ms.,Hannah,Cooper,F,hannah.cooper@shaw.ca,23.83
812026,Mr.,Jon,Mcneil,M,jon.mcneil@hotmail.com,44.38
957459,Drs.,Caitlin,Mann,F,caitlin.mann@hotmail.com,55.76
118109,Hon.,Doris,Giles,F,doris.giles@aol.com,58.61
900863,Mrs.,Barbra,Hobbs,F,barbra.hobbs@outlook.com,26.24
147382,Mr.,Hung,Witt,M,hung.witt@apple.com,52.01
456816,Ms.,Adele,Scott,F,adele.scott@yahoo.com,36.94
437096,Ms.,Stella,Guy,F,stella.guy@btinternet.com,37.82
159397,Mr.,Clement,Lancaster,M,clement.lancaster@charter.net,45.99
169739,Ms.,Rosetta,Decker,F,rosetta.decker@bp.com,24.33
995863,Mr.,Caleb,Poole,M,caleb.poole@hotmail.com,45.3
779374,Prof.,Dudley,Elliott,M,dudley.elliott@yahoo.com,50.92
587639,Ms.,Barbara,Palmer,F,barbara.palmer@yahoo.com,33.16
964222,Mrs.,Alana,Henderson,F,alana.henderson@gmail.com,58.16
597006,Ms.,Hazel,Case,F,hazel.case@aol.com,55.02
688836,Mr.,Erich,Lyons,M,erich.lyons@gmail.com,21.34
498361,Mrs.,Elise,Zimmerman,F,elise.zimmerman@gmail.com,39.61
759183,Prof.,Mauro,Fernandez,M,mauro.fernandez@gmail.com,35.16
186298,Mrs.,Luisa,Mcintyre,F,luisa.mcintyre@outlook.com,54.27
776211,Mr.,Duane,Lowery,M,duane.lowery@aol.com,37.65
337146,Mr.,Weldon,Hyde,M,weldon.hyde@gmail.com,43.47
273427,Hon.,Ilene,Head,F,ilene.head@apple.com,31.42
329548,Mr.,Phil,Montgomery,M,phil.montgomery@btinternet.com,25.72
955183,Mr.,Jonas,Underwood,M,jonas.underwood@exxonmobil.com,22.06
862947,Mrs.,Benita,Mcgee,F,benita.mcgee@hotmail.com,46.61
174542,Ms.,Rochelle,Guerrero,F,rochelle.guerrero@gmail.com,24.9
857324,Drs.,Terra,Webb,F,terra.webb@gmail.com,44.1
678498,Mr.,Buford,Zimmerman,M,buford.zimmerman@yahoo.ca,22.91
661971,Mr.,Emanuel,Nichols,M,emanuel.nichols@hotmail.co.uk,55.18
537235,Ms.,Cheryl,French,F,cheryl.french@aol.com,31.96
712170,Mr.,Theodore,Dale,M,theodore.dale@exxonmobil.com,22.63
285184,Mrs.,Ginger,Palmer,F,ginger.palmer@btinternet.com,39.21
994907,Hon.,Lilian,Stein,F,lilian.stein@aol.com,21.11
523887,Mr.,Gilbert,Luna,M,gilbert.luna@microsoft.com,48.85
684722,Mr.,Waldo,Wright,M,waldo.wright@bp.com,44.53
792224,Mr.,Tommie,Cunningham,M,tommie.cunningham@btinternet.com,40.07
199699,Prof.,George,Potts,M,george.potts@msn.com,56.58
953997,Mr.,Graham,Hutchinson,M,graham.hutchinson@microsoft.com,32.22
149818,Mrs.,Ophelia,Pena,F,ophelia.pena@gmail.com,31.56
352882,Dr.,Lon,Harper,M,lon.harper@aol.com,23.28
760995,Mr.,Irvin,Witt,M,irvin.witt@gmail.com,24.52
873626,Mrs.,Sheri,Spears,F,sheri.spears@yahoo.com,35.58
247051,Ms.,Alberta,Page,F,alberta.page@hotmail.com,36.5
715045,Drs.,Kerri,Santos,F,kerri.santos@yahoo.com,34.74
601808,Mr.,Olin,Case,M,olin.case@hotmail.com,26.16
569286,Mr.,Stefan,Jacobs,M,stefan.jacobs@cox.net,33.86
172440,Dr.,Cody,Allison,M,cody.allison@gmail.com,28.61
568435,Ms.,Bonnie,Baker,F,bonnie.baker@bp.com,32.01
597409,Mr.,Luke,Turner,M,luke.turner@charter.net,30.48
359608,Hon.,Eva,Holman,F,eva.holman@hotmail.com,59.88
803426,Mrs.,Maritza,Christian,F,maritza.christian@microsoft.com,30.21
669618,Drs.,Phyllis,Dudley,F,phyllis.dudley@yahoo.co.in,59.78